{
  "Africa/Abidjan": "Greenwich Mean Time - Abidjan",
  "Africa/Addis_Ababa": "East Africa Time - Addis Ababa",
  "Africa/Algiers": "Central European Standard Time - Algiers",
  "Africa/Asmara": "East African Time - Asmara",
  "Africa/Bamako": "Greenwich Mean Time - Bamako",
  "Africa/Bissau": "Greenwich Mean Time - Bissau",
  "Africa/Blantyre": "Central Africa Time - Blantyre",
  "Africa/Bujumbura": "Central Africa Time - Bujumbura",
  "Africa/Cairo": "Eastern European Time - Cairo",
  "Africa/Casablanca": "Western European Time - Casablanca",
  "Africa/Ceuta": "Central European Time - Ceuta",
  "Africa/Conakry": "Greenwich Mean Time - Conakry",
  "Africa/Dakar": "Greenwich Mean Time - Dakar",
  "Africa/Dar_es_Salaam": "East Africa Time - Dar es Salaam",
  "Africa/Djibouti": "East Africa Time - Djibouti",
  "Africa/Gaborone": "Central Africa Time - Gaborone",
  "Africa/Harare": "Central Africa Time - Harare",
  "Africa/Johannesburg": "South Africa Standard Time",
  "Africa/Juba": "Central Africa Time - Juba",
  "Africa/Kampala": "East Africa Time - Kampala",
  "Africa/Khartoum": "Central Africa Time - Khartoum",
  "Africa/Kigali": "Central Africa Time - Kigali",
  "Africa/Lagos": "West Africa Time - Lagos",
  "Africa/Lubumbashi": "Central Africa Time - Lubumbashi",
  "Africa/Maputo": "Central Africa Time - Maputo",
  "Africa/Mogadishu": "East Africa Time - Mogadishu",
  "Africa/Monrovia": "Greenwich Mean Time - Monrovia",
  "Africa/Nairobi": "East Africa Time - Nairobi",
  "Africa/Ndjamena": "West Africa Time - N'Djamena",
  "Africa/Ouagadougou": "Greenwich Mean Time - Ouagadougou",
  "Africa/Sao_Tome": "Greenwich Mean Time - Sao Tome",
  "Africa/Tripoli": "Eastern European Time- Tripoli",
  "Africa/Tunis": "Central European Standard Time - Tunis",
  "Africa/Windhoek": "Central Africa Time - Windhoek",
  "America/Adak": "Hawaii-Aleutian Time - Adak",
  "America/Anchorage": "Alaska Time - Anchorage",
  "America/Araguaina": "Brasilia Standard Time - Araguaina",
  "America/Argentina/Buenos_Aires": "Argentina Time - Buenos Aires",
  "America/Argentina/Catamarca": "Argentina Standard Time - Catamarca",
  "America/Argentina/Cordoba": "Argentina Standard Time - Cordoba",
  "America/Asuncion": "Paraguay Time - Asuncion",
  "America/Atikokan": "Eastern Standard Time - Atikokan",
  "America/Bahia_Banderas": "Central Time - Bahia Banderas",
  "America/Barbados": "Atlantic Standard Time - Barbados",
  "America/Belize": "Central Standard Time - Belize",
  "America/Blanc-Sablon": "Atlantic Standard Time - Blanc-Sablon",
  "America/Bogota": "Colombia Standard Time - Bogota",
  "America/Boise": "Mountain Time - Boise",
  "America/Cambridge_Bay": "Mountain Time - Cambridge Bay",
  "America/Cancun": "Eastern Standard Time - Cancun",
  "America/Caracas": "Venezuela Time - Caracas",
  "America/Cayenne": "French Guiana Time - Cayenne",
  "America/Chicago": "Central Time - Chicago",
  "America/Chihuahua": "Mountain Time - Chihuahua",
  "America/Costa_Rica": "Central Standard Time - Costa Rica",
  "America/Creston": "Mountain Standard Time - Creston",
  "America/Curacao": "Atlantic Standard Time - Curacao",
  "America/Danmarkshavn": "Greenwich Mean Time - Danmarkshavn",
  "America/Dawson": "Yukon Time - Dawson",
  "America/Dawson_Creek": "Mountain Standard Time - Dawson Creek",
  "America/Denver": "Mountain Time - Denver",
  "America/Detroit": "Eastern Time - Detroit",
  "America/Edmonton": "Mountain Time - Edmonton",
  "America/Eirunepe": "Acre Standard Time - Eirunepe",
  "America/El_Salvador": "Central Standard Time - El Salvador",
  "America/Fort_Nelson": "Mountain Standard Time - Fort Nelson",
  "America/Fortaleza": "Brasilia Standard Time - Fortaleza",
  "America/Grand_Turk": "Eastern Time - Grand Turk",
  "America/Guatemala": "Central Standard Time - Guatemala",
  "America/Guayaquil": "Eastern Standard Time - Guayaquil",
  "America/Guyana": "Guyana Time ",
  "America/Havana": "Cuba Time - Havana",
  "America/Hermosillo": "Mountain Standard Time - Hermosillo",
  "America/Indiana/Indianapolis": "Eastern Time - Indianapolis",
  "America/Indiana/Knox": "Central Time - Knox, Indiana",
  "America/Indiana/Tell_City": "Central Time - Tell City, Indiana",
  "America/Indiana/Winamac": "Eastern Time - Winamac",
  "America/Inuvik": "Mountain Time - Inuvik",
  "America/Iqaluit": "Eastern Time - Iqaluit",
  "America/Jamaica": "Eastern Standard Time - Jamaica",
  "America/Kentucky/Louisville": "Eastern Time - Louisville",
  "America/La_Paz": "Bolivia Time - La Paz",
  "America/Lima": "Peru Time - Lima",
  "America/Los_Angeles": "Pacific Time - Los Angeles",
  "America/Managua": "Central Standard Time - Managua",
  "America/Manaus": "Amazon Time - Manaus",
  "America/Martinique": "Atlantic Standard Time - Martinique",
  "America/Matamoros": "Central Time - Matamoros",
  "America/Mazatlan": "Mountain Time - Mazatlan",
  "America/Menominee": "Central Time - Menominee",
  "America/Merida": "Central Time - Merida",
  "America/Mexico_City": "Central Time - Mexico City",
  "America/Miquelon": "St. Pierre & Miquelon Time",
  "America/Moncton": "Atlantic Time - Moncton",
  "America/Monterrey": "Central Time - Monterrey",
  "America/Montevideo": "Uruguay Standard Time - Montevideo",
  "America/New_York": "Eastern Time - New York",
  "America/Nome": "Alaska Time - Nome",
  "America/North_Dakota/Beulah": "Central Time - Beulah",
  "America/North_Dakota/Center": "Central Time - Center, North Dakota",
  "America/North_Dakota/New_Salem": "Central Time - New Salem, North Dakota",
  "America/Nuuk": "West Greenland Time - Nuuk",
  "America/Ojinaga": "Mountain Time - Ojinaga",
  "America/Panama": "Eastern Standard Time - Panama",
  "America/Paramaribo": "Suriname Time - Paramaribo",
  "America/Phoenix": "Mountain Standard Time - Phoenix",
  "America/Port-au-Prince": "Eastern Time - Port-au-Prince",
  "America/Puerto_Rico": "Atlantic Standard Time - Puerto Rico",
  "America/Punta_Arenas": "Punta Arenas Time - Punta Arenas",
  "America/Rankin_Inlet": "Central Time - Rankin Inlet",
  "America/Regina": "Central Standard Time - Regina",
  "America/Rio_Branco": "Acre Standard Time - Rio Branco",
  "America/Santa_Isabel": "Pacific Time - Santa Isabel",
  "America/Santiago": "Chile Standard Time - Santiago",
  "America/Santo_Domingo": "Atlantic Standard Time - Santo Domingo",
  "America/Sao_Paulo": "Brasilia Time",
  "America/St_Lucia": "Atlantic Standard Time - St. Lucia",
  "America/Swift_Current": "Central Standard Time - Swift Current",
  "America/Tegucigalpa": "Central Standard Time - Tegucigalpa",
  "America/Thule": "Atlantic Daylight Time - Thule",
  "America/Thunder_Bay": "Eastern Time - Thunder Bay",
  "America/Tijuana": "Pacific Time - Tijuana",
  "America/Toronto": "Eastern Time - Toronto",
  "America/Vancouver": "Pacific Time - Vancouver",
  "America/Whitehorse": "Yukon Time - Whitehorse",
  "America/Winnipeg": "Central Time - Winnipeg",
  "America/Yellowknife": "Mountain Time - Yellowknife",
  "Antarctica/Davis": "Davis Time",
  "Antarctica/Mawson": "Mawson Time",
  "Antarctica/Palmer": "Palmer Time - Palmer Station",
  "Antarctica/Rothera": "Rothera Time - Rothera",
  "Antarctica/Syowa": "Syowa Time",
  "Antarctica/Troll": "Troll Time - Troll Station",
  "Antarctica/Vostok": "Vostok Time",
  "Asia/Aden": "Arabian Standard Time - Aden",
  "Asia/Almaty": "Alma-Ata Time - Almaty",
  "Asia/Amman": "Eastern European Time - Amman",
  "Asia/Anadyr": "Anadyr Time",
  "Asia/Aqtau": "West Kazakhstan Time - Aqtau",
  "Asia/Aqtobe": "West Kazakhstan Time - Aqtobe",
  "Asia/Ashgabat": "Turkmenistan Time - Ashgabat",
  "Asia/Atyrau": "West Kazakhstan Time - Atyrau",
  "Asia/Baghdad": "Arabian Standard Time - Baghdad",
  "Asia/Bahrain": "Arabian Standard Time - Bahrain",
  "Asia/Baku": "Azerbaijan Time - Baku",
  "Asia/Bangkok": "Indochina Time - Bangkok",
  "Asia/Barnaul": "Barnaul Time - Barnaul",
  "Asia/Beirut": "Eastern European Time - Beirut",
  "Asia/Bishkek": "Kyrgyzstan - Bishkek",
  "Asia/Brunei": "Brunei Darussalam Time",
  "Asia/Chita": "Yakutsk Time - Chita",
  "Asia/Choibalsan": "Choibalsan Time",
  "Asia/Colombo": "India Standard Time - Colombo",
  "Asia/Damascus": "Eastern European Time - Damascus",
  "Asia/Dhaka": "Bangladesh Standard Time - Dhaka",
  "Asia/Dili": "East Timor Time - Dili",
  "Asia/Dubai": "Gulf Standard Time - Dubai",
  "Asia/Dushanbe": "Tajikistan Time - Dushanbe",
  "Asia/Famagusta": "Eastern European Time - Famagusta",
  "Asia/Gaza": "Eastern European Time - Gaza",
  "Asia/Hebron": "Eastern European Time - Hebron",
  "Asia/Ho_Chi_Minh": "Indochina Time - Ho Chi Minh City",
  "Asia/Hong_Kong": "Hong Kong Time",
  "Asia/Hovd": "Hovd Time",
  "Asia/Irkutsk": "Irkutsk Time",
  "Asia/Istanbul": "Turkey Time - Istanbul",
  "Asia/Jakarta": "Western Indonesian Time - Jakarta",
  "Asia/Jayapura": "Eastern Indonesia Time - Jayapura",
  "Asia/Jerusalem": "Israel Time - Jerusalem",
  "Asia/Kabul": "Afghanistan Time - Kabul",
  "Asia/Kamchatka": "Petropavlovsk-Kamchatsky Time - Kamchatka",
  "Asia/Karachi": "Pakistan Standard Time - Karachi",
  "Asia/Kathmandu": "Nepal Time - Kathmandu",
  "Asia/Khandyga": "Yakutsk Time - Khandyga",
  "Asia/Kolkata": "India Standard Time - Kolkata",
  "Asia/Krasnoyarsk": "Krasnoyarsk Time",
  "Asia/Kuala_Lumpur": "Malaysia Time - Kuala Lumpur",
  "Asia/Kuching": "Malaysia Time - Kuching",
  "Asia/Kuwait": "Arabia Standard Time - Kuwait",
  "Asia/Macau": "China Standard Time- Macau",
  "Asia/Magadan": "Magadan Time",
  "Asia/Makassar": "Central Indonesian Time - Makassar",
  "Asia/Manila": "Philippine Time - Manila",
  "Asia/Muscat": "Gulf Standard Time - Muscat",
  "Asia/Nicosia": "Eastern European Time - Nicosia",
  "Asia/Novosibirsk": "Novosibirsk Time",
  "Asia/Omsk": "Omsk Standard Time",
  "Asia/Oral": "West Kazakhstan Time - Oral",
  "Asia/Phnom_Penh": "Indochina Time - Phnom Penh",
  "Asia/Pontianak": "Western Indonesian Time - Pontianak",
  "Asia/Pyongyang": "Korea Standard Time - Pyongyang",
  "Asia/Qatar": "Arabian Standard Time - Qatar",
  "Asia/Qostanay": "Alma-Ata Time - Kostanay",
  "Asia/Qyzylorda": "West Kazakhstan Time - Qyzylorda",
  "Asia/Riyadh": "Arabian Standard Time - Riyadh",
  "Asia/Sakhalin": "Sakhalin Time",
  "Asia/Samarkand": "Uzbekistan Time - Samarkand",
  "Asia/Seoul": "Korea Standard Time - Seoul",
  "Asia/Shanghai": "China Standard Time - Shanghai",
  "Asia/Singapore": "Singapore Time",
  "Asia/Srednekolymsk": "Srednekolymsk Time",
  "Asia/Taipei": "Taipei Standard Time",
  "Asia/Tashkent": "Uzbekistan Time - Tashkent",
  "Asia/Tbilisi": "Georgia Standard Time - Tbilisi",
  "Asia/Tehran": "Iran Time - Tehran",
  "Asia/Thimphu": "Bhutan Time - Thimphu",
  "Asia/Tokyo": "Japan Standard Time - Tokyo",
  "Asia/Tomsk": "Tomsk Time",
  "Asia/Ulaanbaatar": "Ulaanbaatar Standard Time",
  "Asia/Urumqi": "Urumqi Time",
  "Asia/Vientiane": "Indochina Time - Vientiane",
  "Asia/Vladivostok": "Vladivostok Time - Vladivostok",
  "Asia/Yangon": "Myanmar Time - Yangon",
  "Asia/Yekaterinburg": "Yekaterinburg Time",
  "Asia/Yerevan": "Armenia Standard Time - Yerevan",
  "Atlantic/Azores": "Azores Time",
  "Atlantic/Bermuda": "Atlantic Standard Time - Bermuda",
  "Atlantic/Canary": "Western European Time - Canary",
  "Atlantic/Cape_Verde": "Cape Verde Time",
  "Atlantic/Faroe": "Western European Time - Faroe",
  "Atlantic/Madeira": "Western European Time - Madeira",
  "Atlantic/Reykjavik": "Greenwich Mean Time - Reykjavik",
  "Atlantic/South_Georgia": "South Georgia Time",
  "Atlantic/St_Helena": "Greenwich Mean Time - St. Helena",
  "Atlantic/Stanley": "Falkland Islands Summer Time - Stanley",
  "Australia/Adelaide": "Central Australia Time - Adelaide",
  "Australia/Brisbane": "Australian Eastern Standard Time - Brisbane",
  "Australia/Broken_Hill": "Central Australia Time - Broken Hill",
  "Australia/Darwin": "Australian Central Standard Time - Darwin",
  "Australia/Eucla": "Australian Central Western Standard Time",
  "Australia/Hobart": "Eastern Australia Time - Hobart",
  "Australia/Lindeman": "Australian Eastern Standard Time - Lindeman",
  "Australia/Lord_Howe": "Lord Howe Time",
  "Australia/Melbourne": "Australian Eastern Standard Time - Melbourne",
  "Australia/Perth": "Australian Western Standard Time - Perth",
  "Australia/Sydney": "Eastern Australia Time - Sydney",
  "Brazil/DeNoronha": "Fernando de Noronha Time",
  "Canada/Newfoundland": "Newfoundland Time",
  "Chile/Continental": "Chile Time - Santiago",
  "Europe/Amsterdam": "Central European Time - Amsterdam",
  "Europe/Andorra": "Central European Time - Andorra",
  "Europe/Astrakhan": "Europe/Astrakhan",
  "Europe/Athens": "Eastern European Time - Athens",
  "Europe/Belgrade": "Central European Time - Belgrade",
  "Europe/Berlin": "Central European Time - Berlin",
  "Europe/Bratislava": "Central European Time - Bratislava",
  "Europe/Brussels": "Central European Time - Brussels",
  "Europe/Bucharest": "Eastern European Time - Bucharest",
  "Europe/Budapest": "Central European Time - Budapest",
  "Europe/Chisinau": "Eastern European Time - Chisinau",
  "Europe/Copenhagen": "Central European Time - Copenhagen",
  "Europe/Dublin": "Ireland Time - Dublin",
  "Europe/Gibraltar": "Central European Time - Gibraltar",
  "Europe/Guernsey": "United Kingdom Time - Guernsey",
  "Europe/Helsinki": "Eastern European Time - Helsinki",
  "Europe/Kaliningrad": "Eastern European Time - Kaliningrad",
  "Europe/Kiev": "Eastern European Time - Kyiv",
  "Europe/Kirov": "Moscow Standard Time - Kirov",
  "Europe/Lisbon": "Western European Time - Lisbon",
  "Europe/Ljubljana": "Central European Time - Ljubljana",
  "Europe/London": "United Kingdom Time - London",
  "Europe/Luxembourg": "Central European Time - Luxembourg",
  "Europe/Madrid": "Central European Time - Madrid",
  "Europe/Malta": "Central European Time - Malta",
  "Europe/Minsk": "Moscow Standard Time - Minsk",
  "Europe/Monaco": "Central European Time - Monaco",
  "Europe/Moscow": "Moscow Standard Time - Moscow",
  "Europe/Oslo": "Central European Time - Oslo",
  "Europe/Paris": "Central European Time - Paris",
  "Europe/Prague": "Central European Time - Prague",
  "Europe/Riga": "Eastern European Time - Riga",
  "Europe/Rome": "Central European Time - Rome",
  "Europe/Samara": "Samara Time",
  "Europe/Saratov": "Saratov Time - Saratov",
  "Europe/Simferopol": "Moscow Standard Time - Simferopol",
  "Europe/Skopje": "Central European Time - Skopje",
  "Europe/Sofia": "Eastern European Time - Sofia",
  "Europe/Stockholm": "Central European Time - Stockholm",
  "Europe/Tallinn": "Eastern European Time - Tallinn",
  "Europe/Tirane": "Central European Time - Tirana",
  "Europe/Ulyanovsk": "Ulyanovsk Time",
  "Europe/Uzhgorod": "Eastern European Time - Uzhgorod",
  "Europe/Vienna": "Central European Time - Vienna",
  "Europe/Vilnius": "Eastern European Time - Vilnius",
  "Europe/Volgograd": "Moscow Standard Time - Volgograd",
  "Europe/Warsaw": "Central European Time - Warsaw",
  "Europe/Zagreb": "Central European Time - Zagreb",
  "Europe/Zaporozhye": "Eastern European Time - Zaporozhskoye",
  "Europe/Zurich": "Central European Time - Zurich",
  "GMT": "Greenwich Mean Time",
  "Indian/Antananarivo": "East Africa Time - Antananarivo",
  "Indian/Chagos": "Indian Ocean Time - Chagos",
  "Indian/Christmas": "Christmas Island Time",
  "Indian/Cocos": "Cocos Islands Time",
  "Indian/Kerguelen": "French Southern & Antarctic Time - Kerguelen",
  "Indian/Maldives": "Maldives Time",
  "Indian/Mauritius": "Mauritius Time",
  "Indian/Mayotte": "East Africa Time - Mayotte",
  "Indian/Reunion": "Réunion Time",
  "Kwajalein": "Marshall Islands Time - Kwajalein",
  "Pacific/Apia": "West Samoa Time",
  "Pacific/Auckland": "New Zealand Time - Auckland",
  "Pacific/Bougainville": "Bouganville Time - Arawa",
  "Pacific/Chatham": "Chatham Time",
  "Pacific/Chuuk": "Chuuk Time",
  "Pacific/Easter": "Easter Island Time",
  "Pacific/Efate": "Vanuatu Time - Efate",
  "Pacific/Enderbury": "Phoenix Island Time - Enderbury",
  "Pacific/Fakaofo": "Tokelau Time - Fakaofo",
  "Pacific/Fiji": "Fiji Time",
  "Pacific/Funafuti": "Tuvalu Time - Funafuti",
  "Pacific/Galapagos": "Galapagos Time",
  "Pacific/Gambier": "Gambier Islands",
  "Pacific/Guadalcanal": "Solomon Islands Time - Guadalcanal",
  "Pacific/Guam": "Chamorro Standard Time - Guam",
  "Pacific/Honolulu": "Hawaii-Aleutian Time - Honolulu",
  "Pacific/Kanton": "Phoenix Islands Time",
  "Pacific/Kiritimati": "Line Islands Time - Kiritmati",
  "Pacific/Kosrae": "Kosrae Time",
  "Pacific/Majuro": "Marshall Islands Time - Majuro",
  "Pacific/Marquesas": "Marquesas Time",
  "Pacific/Midway": "Samoa Standard Time - Midway",
  "Pacific/Nauru": "Nauru Time",
  "Pacific/Niue": "Niue Time",
  "Pacific/Norfolk": "Norfolk Time - Kingston",
  "Pacific/Noumea": "New Caledonia Time - Noumea",
  "Pacific/Pago_Pago": "Samoa Standard Time - Pago Pago",
  "Pacific/Palau": "Palau Time",
  "Pacific/Pitcairn": "Pitcairn Time",
  "Pacific/Pohnpei": "Ponape Time",
  "Pacific/Port_Moresby": "Papa New Guinea Time - Port Moresby",
  "Pacific/Rarotonga": "Cook Island Standard Time - Rarotonga",
  "Pacific/Samoa": "Samoa Standard Time",
  "Pacific/Tahiti": "Tahiti Time",
  "Pacific/Tarawa": "Gilbert Island Time - Tarawa",
  "Pacific/Tongatapu": "Tonga Time - Tongatapu",
  "Pacific/Wake": "Wake Island Time",
  "Pacific/Wallis": "Wallis & Futuna Time - Wallis",
  "UTC": "Coordinated Universal Time"
}
